train_no,timestamp,latitude,longitude,speed_kmph,current_delay_min,distance_to_station_km,historical_travel_time_min,previous_delay_min,congestion_index,expected_dwell_min,signal_delay_min,maintenance_block,level_crossing_delay_min,actual_remaining_time_min
13006,2026-09-01T00:00:00Z,22.546832,88.329684,40.02,12.97,134.25,198.41,14.76,0.444,1.66,4.07,0,3.22,213.08
12019,2026-09-02T03:07:00Z,22.655406,88.364491,102.85,0,4.15,3,0,0.196,1.68,1.05,0,0,3.36
12020,2026-09-03T06:14:00Z,22.456929,88.292108,37.09,17.12,54.89,99.45,14.0,0.145,7.9,5.05,0,0,99.2
13006,2026-09-04T09:21:00Z,22.6716,88.241619,54.03,15.47,168.79,211.22,13.1,0.516,5.48,3.29,0,0.05,205.17
12301,2026-09-05T12:28:00Z,22.549952,88.383413,102.45,21.06,74.01,40.01,17.7,0.462,5.5,4.53,0,1.84,52.31
12019,2026-09-06T15:35:00Z,22.739877,88.494312,49.74,5.98,179.56,233.58,7.29,0.083,1.44,2.67,0,3.04,231.94
12301,2026-09-07T18:42:00Z,22.577682,88.229564,91.23,10.09,23.28,18.52,1.54,0.192,7.8,2.95,0,0,20.37
12019,2026-09-08T21:49:00Z,22.592431,88.256023,98.63,0,98.47,70.24,0,0.093,6.32,2.36,0,2.38,73.85
13005,2026-09-09T00:56:00Z,22.477076,88.178397,68.08,9.16,40.49,38.85,5.83,0.2,4.62,3.84,0,1.94,45.2
13006,2026-09-01T03:03:00Z,22.542471,88.18773,35.3,6.19,14.93,23.12,3.28,0.214,7.18,4.96,0,1.27,37.75
13006,2026-09-02T06:10:00Z,22.592614,88.170235,68.79,8.04,77.97,72.32,0.62,0.408,3.95,3.36,0,2.32,76.11
13005,2026-09-03T09:17:00Z,22.559253,88.319203,105.24,16.95,174.51,121.8,18.71,0.36,3.65,2.46,0,0.95,124.06
13006,2026-09-04T12:24:00Z,22.608262,88.420085,119.59,14.72,101.37,58.56,18.19,0.614,4.52,5.16,0,0.5,70.84
12302,2026-09-05T15:31:00Z,22.445807,88.4082,66.34,13.09,169.66,168.7,11.84,0.101,2.83,2.13,0,0.74,168.12
12020,2026-09-06T18:38:00Z,22.745532,88.411591,58.46,0,136.08,129.25,4.66,0.08,7.15,1.52,0,1.84,140.5
12301,2026-09-07T21:45:00Z,22.698519,88.352164,90.11,0,101.16,82.59,8.16,0.157,2.97,5.11,0,0,85.8
12019,2026-09-08T00:52:00Z,22.716375,88.368236,111.48,2.86,152.76,76.65,4.72,0.015,6.19,0.06,1,0.69,95.34
12019,2026-09-09T03:59:00Z,22.454094,88.521952,82.43,19.43,29.21,20.09,15.6,0.625,6.46,8.5,0,0,40.9
12302,2026-09-01T06:06:00Z,22.477852,88.476635,117.86,26.14,146.51,90.13,27.4,0.164,6.68,2.29,0,3.82,97.73
12020,2026-09-02T09:13:00Z,22.515902,88.16104,61.47,0,148.23,174.35,1.24,0.513,3.46,6.95,0,0,166.77
12019,2026-09-03T12:20:00Z,22.588458,88.437772,46.07,18.3,173.37,224.18,21.66,0.429,3.7,2.36,0,0.67,241.6
13006,2026-09-04T15:27:00Z,22.594044,88.226736,96.33,10.24,37.88,24.79,20.93,0.583,4.55,2.91,0,0.13,40.08
13006,2026-09-05T18:34:00Z,22.459392,88.183918,114.63,3.67,122.89,78.21,0.86,0.207,4.25,1.53,0,1.57,80.54
13005,2026-09-06T21:41:00Z,22.710148,88.380268,89.75,0,112.61,70.22,3.49,0.38,7.89,3.08,0,1.39,80.93
13006,2026-09-07T00:48:00Z,22.559762,88.470567,92.67,9.41,90.5,57.74,8.98,0.679,2.23,7.05,1,0.73,82.43
13006,2026-09-08T03:55:00Z,22.663122,88.485945,77.8,29.42,101.93,79.48,29.6,0.568,4.12,2.11,0,2.26,91.54
12019,2026-09-09T06:02:00Z,22.589914,88.31631,98.92,9.38,95.27,64.68,11.37,0.282,1.97,3.49,0,3.49,74.89
12302,2026-09-01T09:09:00Z,22.679954,88.509125,104.96,14.02,71.94,48.09,14.96,0.396,7.24,3.45,0,0,54.3
12020,2026-09-02T12:16:00Z,22.447495,88.334679,49.75,2.23,80.14,87.97,8.69,0.296,5.36,5.16,0,1.45,108.24
12301,2026-09-03T15:23:00Z,22.478478,88.177447,53.41,12.43,60.94,72.5,7.06,0.245,4.29,6.49,0,4.7,87.82
13006,2026-09-04T18:30:00Z,22.672227,88.215506,33.62,17.41,8.49,14.95,11.51,0.357,4.26,3.35,0,2.64,30.94
12019,2026-09-05T21:37:00Z,22.610144,88.198422,39.73,6.4,7.55,11.5,0.85,0.502,5.39,0,0,1.61,14.7
13005,2026-09-06T00:44:00Z,22.569224,88.32423,100.44,1.84,64.46,40.43,6.15,0.159,4.05,2.11,0,0,45.92
13006,2026-09-07T03:51:00Z,22.524189,88.253341,83.32,0,60.05,42.63,3.71,0.286,3.35,2.5,0,0.41,52.6
12019,2026-09-08T06:58:00Z,22.642126,88.272482,109.23,34.27,127.11,69.59,35.05,0.115,5.83,1.05,0,0,79.05
13005,2026-09-09T09:05:00Z,22.641557,88.226616,63.21,13.91,100.96,97.78,20.23,0.324,6.05,3.24,0,1.04,102.03
13006,2026-09-01T12:12:00Z,22.444198,88.497384,73.58,1.94,131.25,132.91,1.31,0.183,1.1,1.17,0,0.94,119.4
12020,2026-09-02T15:19:00Z,22.486867,88.373229,39.23,4.91,5.17,7.9,0.39,0.087,2.06,2.59,0,1.8,13.4
12020,2026-09-03T18:26:00Z,22.460835,88.180026,84.57,0,142.96,99.3,0,0.266,6.18,4.36,0,0.87,109.13
12301,2026-09-04T21:33:00Z,22.469237,88.195911,66.77,5.06,125.02,119.59,9.09,0.435,2.85,4.08,0,0,123.43
12302,2026-09-05T00:40:00Z,22.428155,88.165944,88.29,15.43,163.79,132.38,16.73,0.22,1.87,1.71,0,0,124.26
12020,2026-09-06T03:47:00Z,22.581637,88.326892,96.11,9.97,109.86,62.35,10.95,0.86,6.75,8.41,0,1.28,85.52
12019,2026-09-07T06:54:00Z,22.559189,88.275807,46.33,5.63,106.6,154.91,5.75,0.21,3.31,2.27,0,0.04,152.79
12019,2026-09-08T09:01:00Z,22.50081,88.502339,40.43,0,139.74,249.4,0.11,0.074,4.09,2.21,1,1.11,240.7
12020,2026-09-09T12:08:00Z,22.578105,88.25937,40.93,10.39,175.25,285.97,13.32,0.571,7.39,3.31,0,1.38,279.86
12020,2026-09-01T15:15:00Z,22.504495,88.384775,118.22,10.16,46.14,25.59,1.76,0.236,7.54,5.96,0,1.72,34.7
13006,2026-09-02T18:22:00Z,22.64683,88.474564,74.07,2.87,29.3,25.84,8.11,0.423,5.88,2.38,0,0.72,38.43
12020,2026-09-03T21:29:00Z,22.450454,88.498373,118.96,14.48,143.25,81.52,21.94,0.176,6.92,6.93,0,1.42,90.66
12302,2026-09-04T00:36:00Z,22.48217,88.42376,36.73,2.8,141.33,229.17,0,0.085,7.68,0,0,0,229.51
12019,2026-09-05T03:43:00Z,22.598075,88.467008,119.77,6.47,135.18,71.23,12.24,0.716,3.05,6.51,0,2.33,89.97
12302,2026-09-06T06:50:00Z,22.730832,88.545061,45.76,5.21,110.88,150.32,0,0.329,5.67,5.12,0,0.2,156.7
12019,2026-09-07T09:57:00Z,22.63038,88.259792,87.5,8.87,78.1,52.89,10.75,0.372,5.02,2.39,0,0.04,68.57
13005,2026-09-08T12:04:00Z,22.638299,88.204712,107.86,24.0,140.76,97.16,19.59,0.442,6.61,4.02,0,2.16,101.53
12301,2026-09-09T15:11:00Z,22.690665,88.252788,111.31,0,117.4,63.8,0,0.352,4.78,4.36,0,0,71.53
12020,2026-09-01T18:18:00Z,22.492561,88.199435,117.06,13.76,55.24,34.11,8.46,0.158,5.72,0,0,2.94,40.0
12019,2026-09-02T21:25:00Z,22.688349,88.513755,90.55,15.38,122.0,89.29,20.6,0.372,4.93,0,0,1.3,94.25
12019,2026-09-03T00:32:00Z,22.709895,88.411969,88.43,42.27,23.65,14.7,46.12,0.128,3.6,5.44,0,0.48,25.63
12020,2026-09-04T03:39:00Z,22.496559,88.537283,85.41,1.6,169.21,118.62,0.32,0.352,3.57,2.11,0,0.87,125.5
12020,2026-09-05T06:46:00Z,22.676025,88.388393,38.25,13.17,40.54,71.47,12.88,0.17,6.81,0.17,0,0.53,73.25
12019,2026-09-06T09:53:00Z,22.660983,88.340498,107.26,27.16,28.61,15.13,27.14,0.064,2.22,3.5,1,1.1,29.62
12019,2026-09-07T12:00:00Z,22.718395,88.179396,76.19,12.8,22.3,18.9,12.3,0.504,7.75,6.14,0,1.84,33.46
12301,2026-09-08T15:07:00Z,22.62915,88.501082,58.99,0,29.26,28.09,0,0.421,4.54,1.81,0,1.4,36.38
13005,2026-09-09T18:14:00Z,22.432631,88.188626,94.88,11.23,41.06,27.47,15.73,0.513,5.66,3.24,0,1.81,44.43
13006,2026-09-01T21:21:00Z,22.509357,88.19144,63.54,17.73,26.03,22.64,23.91,0.266,3.96,2.37,0,2.37,35.63
13005,2026-09-02T00:28:00Z,22.72518,88.481784,49.15,25.02,119.24,142.44,31.1,0.246,6.92,6.63,0,0.76,159.12
12019,2026-09-03T03:35:00Z,22.531668,88.331458,32.61,8.2,51.37,110.3,12.29,0.141,6.19,1.68,0,2.75,112.16
12302,2026-09-04T06:42:00Z,22.439836,88.321965,63.3,6.16,130.72,145.2,5.29,0.073,2.9,1.08,0,0,136.04
12019,2026-09-05T09:49:00Z,22.445215,88.363033,91.04,26.59,107.98,77.18,25.33,0.127,3.03,3.83,0,0,82.81
12302,2026-09-06T12:56:00Z,22.721919,88.185252,75.02,27.89,150.5,142.29,32.24,0.299,1.81,4.95,0,1.37,140.38
12301,2026-09-07T15:03:00Z,22.654583,88.477579,51.9,0,107.23,134.31,0,0.384,1.8,4.59,0,2.35,138.56
12302,2026-09-08T18:10:00Z,22.618583,88.495699,51.26,0,28.92,32.8,0,0.313,6.28,3.39,0,0,38.21
13006,2026-09-09T21:17:00Z,22.742079,88.186119,58.45,4.4,80.84,88.3,0,0.616,1.26,1.84,0,0.7,97.9
13005,2026-09-01T00:24:00Z,22.65001,88.35182,75.64,15.52,84.9,73.68,5.25,0.26,4.33,3.46,0,1.64,81.45
12302,2026-09-02T03:31:00Z,22.515392,88.373185,33.52,4.57,128.25,286.21,0,0.301,5.75,2.79,1,0.28,268.91
12020,2026-09-03T06:38:00Z,22.531838,88.466665,55.57,26.91,131.1,159.92,21.27,0.399,7.77,2.96,0,0,163.24
12302,2026-09-04T09:45:00Z,22.47929,88.205026,90.31,6.73,149.73,115.25,4.32,0.467,2.26,1.62,0,2.84,115.86
12301,2026-09-05T12:52:00Z,22.652414,88.167477,56.62,0,142.5,162.73,0,0.202,5.18,3.52,0,1.98,161.28
12019,2026-09-06T15:59:00Z,22.744554,88.334672,90.87,0,45.04,31.39,0,0.376,4.28,6.75,0,0,46.53
12019,2026-09-07T18:06:00Z,22.456109,88.329728,100.03,13.5,92.01,57.76,16.34,0.657,3.6,7.51,0,0.25,74.28
13005,2026-09-08T21:13:00Z,22.725789,88.485671,43.26,12.95,80.43,137.35,13.91,0.509,2.65,6.19,0,0.95,138.15
13006,2026-09-09T00:20:00Z,22.548139,88.460469,60.18,19.82,28.85,26.28,17.02,0.568,7.34,5.66,0,1.32,47.37
12302,2026-09-01T03:27:00Z,22.615183,88.246226,57.1,4.97,11.45,12.6,6.48,0.115,4.61,0.33,0,2.18,19.96
12020,2026-09-02T06:34:00Z,22.423646,88.24645,46.86,0,121.27,168.21,9.51,0.354,7.11,5.32,0,1.6,174.44
13006,2026-09-03T09:41:00Z,22.422085,88.460476,86.54,0.6,139.56,111.97,0,0.5,4.25,4.52,0,0,110.82
12020,2026-09-04T12:48:00Z,22.495626,88.469737,33.33,16.56,38.68,81.95,13.7,0.152,1.26,1.62,0,0.22,83.99
12020,2026-09-05T15:55:00Z,22.512424,88.182028,110.05,14.32,134.57,89.0,4.11,0.226,1.55,6.43,0,2.03,89.18
13006,2026-09-06T18:02:00Z,22.455995,88.162456,56.61,15.42,81.93,99.97,20.11,0.328,6.54,6.1,0,1.99,104.02
13005,2026-09-07T21:09:00Z,22.510035,88.261476,91.03,8.63,80.56,50.13,9.27,0.28,4.11,5.99,1,2.13,74.64
12301,2026-09-08T00:16:00Z,22.649679,88.548905,32.33,14.29,35.93,72.09,12.99,0.625,5.86,5.84,0,1.19,86.79
13006,2026-09-09T03:23:00Z,22.744796,88.466826,117.08,12.76,177.62,103.2,11.17,0.36,5.9,0.99,0,0.51,105.79
12302,2026-09-01T06:30:00Z,22.740333,88.406935,101.13,0,7.65,4.97,6.62,0.579,8.0,3.84,0,0,17.59
12020,2026-09-02T09:37:00Z,22.456688,88.523895,71.92,6.49,94.57,74.55,9.51,0.558,7.08,2.01,0,0,87.19
12302,2026-09-03T12:44:00Z,22.652221,88.392056,61.14,14.31,169.54,201.85,11.18,0.589,4.73,3.14,0,1.19,197.16
13005,2026-09-04T15:51:00Z,22.505733,88.247951,33.71,22.09,155.89,257.63,30.23,0.199,1.21,1.7,0,0,275.16
13006,2026-09-05T18:58:00Z,22.437164,88.246695,66.55,15.66,83.28,85.67,20.0,0.475,3.24,5.74,0,1.1,94.84
12301,2026-09-06T21:05:00Z,22.574566,88.273416,54.07,0,46.88,48.58,0,0.463,3.19,5.76,0,0,61.69
12301,2026-09-07T00:12:00Z,22.528022,88.311302,38.1,10.77,72.6,121.19,17.38,0.072,5.71,2.23,0,1.39,126.57
12301,2026-09-08T03:19:00Z,22.678214,88.285634,66.05,15.84,103.94,91.41,14.0,0.419,5.76,3.42,0,2.68,106.09
12019,2026-09-09T06:26:00Z,22.658762,88.269694,97.95,6.95,38.23,25.25,6.95,0.152,5.24,0.83,0,1.07,33.81
12019,2026-09-01T09:33:00Z,22.608918,88.256212,75.66,36.05,93.22,79.21,30.82,0.095,3.15,1.5,0,2.67,83.37
13006,2026-09-02T12:40:00Z,22.509792,88.210573,100.46,7.63,140.38,92.41,1.12,0.143,2.03,2.36,0,0.86,93.36
13006,2026-09-03T15:47:00Z,22.560882,88.363251,48.35,11.25,91.82,126.94,1.69,0.461,7.99,4.53,0,0,135.52
13005,2026-09-04T18:54:00Z,22.510964,88.289521,61.89,0.45,139.64,156.01,0,0.497,2.57,5.64,0,0.99,157.95
13006,2026-09-05T21:01:00Z,22.489755,88.341632,54.61,25.07,24.57,30.69,14.88,0.411,3.01,7.49,0,0.28,45.29
12302,2026-09-06T00:08:00Z,22.448113,88.535808,104.52,9.35,50.99,32.1,11.73,0.735,2.58,5.04,0,1.89,43.15
12302,2026-09-07T03:15:00Z,22.461273,88.502898,66.62,12.61,168.5,183.23,9.31,0.63,4.75,4.71,0,4.26,181.34
12302,2026-09-08T06:22:00Z,22.583511,88.505704,114.05,11.52,9.43,5.92,8.4,0.569,3.09,0.61,0,0,10.03
12302,2026-09-09T09:29:00Z,22.699651,88.508817,106.6,14.05,85.84,46.75,16.31,0.443,6.54,4.54,0,1.24,59.86
12020,2026-09-01T12:36:00Z,22.642469,88.17485,76.38,12.19,18.35,16.35,14.72,0.326,6.28,4.93,0,0.84,31.29
12301,2026-09-02T15:43:00Z,22.559243,88.545535,71.89,11.05,31.27,29.76,20.31,0.447,3.57,1.85,0,2.85,39.49
12019,2026-09-03T18:50:00Z,22.591677,88.352195,67.43,0,100.21,94.95,0,0.135,1.57,0,1,1.97,102.67
13005,2026-09-04T21:57:00Z,22.507859,88.158708,78.3,8.6,32.12,29.52,1.55,0.714,3.91,5.93,0,0,39.71
12019,2026-09-05T00:04:00Z,22.704367,88.512707,103.48,18.82,135.01,86.3,20.11,0.109,6.36,5.29,0,0.91,95.63
12020,2026-09-06T03:11:00Z,22.562051,88.437638,37.22,9.56,173.65,337.61,16.21,0.156,7.85,5.57,0,1.36,311.35
12020,2026-09-07T06:18:00Z,22.64615,88.169471,77.87,5.44,148.73,113.06,8.74,0.147,7.19,3.94,0,1.3,126.76
13006,2026-09-08T09:25:00Z,22.482916,88.500503,33.98,12.83,80.7,155.15,13.06,0.215,5.03,0,0,1.59,150.18
13006,2026-09-09T12:32:00Z,22.542891,88.269955,76.91,0,76.2,59.22,0,0.405,1.33,2.01,0,2.99,64.91
12302,2026-09-01T15:39:00Z,22.626347,88.51889,97.9,7.64,86.81,63.7,5.18,0.508,4.9,7.01,0,1.25,74.8
12019,2026-09-02T18:46:00Z,22.405367,88.524864,38.32,8.27,131.25,198.65,15.7,0.525,6.07,1.97,0,0.58,210.5
13006,2026-09-03T21:53:00Z,22.579486,88.348911,40.56,31.76,179.92,284.17,32.07,0.174,3.66,5.42,0,0.46,288.16
12301,2026-09-04T00:00:00Z,22.480507,88.377916,102.25,7.12,130.87,89.58,10.17,0.136,1.11,0.04,0,0.55,85.53
12302,2026-09-05T03:07:00Z,22.411838,88.488679,74.94,16.34,118.87,108.47,15.92,0.255,7.42,6.73,0,0.87,114.39
13006,2026-09-06T06:14:00Z,22.543968,88.15669,34.37,7.44,4.13,6.84,6.07,0.165,5.46,6.7,0,0,20.55
13006,2026-09-07T09:21:00Z,22.493564,88.308759,54.73,11.22,176.01,174.83,14.11,0.717,2.04,2.11,0,0,195.54
12019,2026-09-08T12:28:00Z,22.742065,88.539536,116.34,7.25,84.24,42.8,3.26,0.077,5.46,2.07,0,0.6,46.98
13005,2026-09-09T15:35:00Z,22.40548,88.232863,112.72,2.91,43.67,28.25,0.62,0.174,4.8,0.28,0,2.46,35.65
12302,2026-09-01T18:42:00Z,22.741013,88.171479,97.7,15.27,129.15,82.44,16.66,0.234,3.32,2.97,0,0.38,88.76
12020,2026-09-02T21:49:00Z,22.533025,88.458867,50.89,0,16.46,21.57,0,0.425,4.87,1.94,0,1.98,32.82
12019,2026-09-03T00:56:00Z,22.557095,88.371896,101.82,18.93,129.22,70.71,25.43,0.479,1.04,3.24,0,2.52,88.64
12020,2026-09-04T03:03:00Z,22.459326,88.257568,39.3,14.77,18.86,31.51,7.58,0.221,7.95,0.88,0,0,35.5
12019,2026-09-05T06:10:00Z,22.617067,88.471631,74.38,0,14.2,12.05,2.74,0.154,5.16,2.93,0,1.87,21.81
12019,2026-09-06T09:17:00Z,22.621516,88.537105,69.62,7.16,79.22,81.12,3.25,0.183,2.24,0.55,0,0.17,81.26
12302,2026-09-07T12:24:00Z,22.424206,88.489115,59.33,0,52.61,62.52,8.7,0.285,1.19,2.46,0,0,65.44
12020,2026-09-08T15:31:00Z,22.546405,88.164706,90.57,0,27.63,18.42,0,0.311,5.08,4.4,0,3.88,28.69
12019,2026-09-09T18:38:00Z,22.437081,88.189443,93.15,14.13,146.78,104.74,12.9,0.327,4.94,1.54,0,0,104.53
12302,2026-09-01T21:45:00Z,22.736605,88.196428,75.96,25.54,94.83,82.63,20.71,0.253,3.41,2.02,1,2.43,98.28
13006,2026-09-02T00:52:00Z,22.457524,88.54356,42.75,13.07,58.2,86.54,18.61,0.257,3.1,3.39,0,0.51,91.1
12302,2026-09-03T03:59:00Z,22.550343,88.15178,76.44,0,100.69,80.29,0,0.658,3.77,5.63,0,2.42,93.34
12302,2026-09-04T06:06:00Z,22.695931,88.396945,48.52,14.28,136.16,199.2,15.17,0.327,4.69,1.58,0,0,188.11
13006,2026-09-05T09:13:00Z,22.465014,88.404201,93.54,5.19,55.65,39.8,7.5,0.216,4.58,3.41,0,2.16,49.18
13006,2026-09-06T12:20:00Z,22.543197,88.34669,112.72,14.12,167.73,85.76,17.7,0.151,7.66,1.29,0,1.3,92.47
13006,2026-09-07T15:27:00Z,22.439624,88.195683,105.59,4.51,89.5,47.24,12.81,0.221,4.2,3.54,0,1.39,55.81
13005,2026-09-08T18:34:00Z,22.553674,88.547583,104.1,25.39,67.93,46.52,27.45,0.558,6.26,1.98,0,6.67,58.89
12302,2026-09-09T21:41:00Z,22.458932,88.5416,48.89,25.0,133.56,187.05,29.41,0.206,6.64,0.72,0,0,181.62
12019,2026-09-01T00:48:00Z,22.689969,88.454589,56.04,25.02,50.32,64.67,24.33,0.077,7.95,3.01,0,0.62,68.04
13006,2026-09-02T03:55:00Z,22.570816,88.382782,65.34,25.77,28.16,29.0,22.4,0.07,6.25,0.88,0,2.38,33.57
13006,2026-09-03T06:02:00Z,22.666789,88.168377,38.38,3.66,175.07,307.11,0,0.525,2.99,3.09,0,0.97,300.03
13006,2026-09-04T09:09:00Z,22.495907,88.411835,100.55,0,84.35,47.49,3.38,0.012,1.92,0.37,0,3.09,58.4
12019,2026-09-05T12:16:00Z,22.402822,88.28743,37.42,23.28,120.62,218.0,25.52,0.494,1.67,4.16,0,1.79,216.15
12301,2026-09-06T15:23:00Z,22.585678,88.15339,118.93,8.68,77.75,37.12,13.11,0.389,6.27,4.4,0,2.03,51.68
13006,2026-09-07T18:30:00Z,22.486725,88.407848,44.77,9.76,65.16,85.1,0,0.516,1.98,6.38,0,2.9,97.26
12302,2026-09-08T21:37:00Z,22.714269,88.531869,79.81,17.6,109.2,91.35,18.98,0.649,4.57,1.58,0,1.06,99.62
12020,2026-09-09T00:44:00Z,22.425547,88.384945,64.73,28.9,45.67,47.56,33.43,0.05,6.87,0,0,2.1,45.74
12301,2026-09-01T03:51:00Z,22.508467,88.354522,53.6,15.36,10.05,10.36,16.81,0.435,1.58,1.44,0,0.3,18.01
12302,2026-09-02T06:58:00Z,22.41926,88.416432,117.69,0,30.5,15.77,0,0.491,7.67,4.07,0,2.32,31.44
13006,2026-09-03T09:05:00Z,22.410275,88.472843,96.66,19.17,24.14,17.2,18.27,0.658,6.47,3.49,0,3.15,30.2
12019,2026-09-04T12:12:00Z,22.404301,88.168393,77.15,1.85,49.54,47.83,0,0.492,7.26,3.51,0,0.54,58.44
12019,2026-09-05T15:19:00Z,22.715679,88.221738,64.47,10.32,29.56,33.73,14.29,0.32,2.9,1.3,1,0,47.37
13005,2026-09-06T18:26:00Z,22.468398,88.510177,118.33,2.05,171.87,80.54,2.94,0.488,3.13,2.35,0,0.03,88.27
12302,2026-09-07T21:33:00Z,22.736415,88.539024,43.55,10.72,168.03,210.29,3.85,0.289,3.15,2.42,0,2.76,231.0
12302,2026-09-08T00:40:00Z,22.491347,88.276004,94.05,19.68,19.47,15.18,16.03,0.657,6.74,6.94,0,2.08,34.64
12020,2026-09-09T03:47:00Z,22.737622,88.233054,93.07,8.36,133.16,86.82,8.09,0.166,2.15,3.45,0,0,94.62
12019,2026-09-01T06:54:00Z,22.687031,88.219547,71.7,13.02,153.89,119.97,9.03,0.574,2.04,3.03,0,0,137.18
12020,2026-09-02T09:01:00Z,22.605142,88.516971,106.91,12.55,101.4,62.17,14.47,0.143,3.8,3.09,0,1.78,67.87
12301,2026-09-03T12:08:00Z,22.639125,88.219123,31.96,5.08,14.41,32.89,5.99,0.706,4.23,6.11,0,2.9,47.04
12302,2026-09-04T15:15:00Z,22.624928,88.468879,111.75,11.5,51.67,29.3,15.6,0.397,4.35,5.81,0,0.04,42.98
12302,2026-09-05T18:22:00Z,22.672488,88.173436,86.77,27.41,144.98,118.12,26.83,0.268,4.52,2.11,0,1.81,120.27
12020,2026-09-06T21:29:00Z,22.679087,88.291922,77.65,30.86,138.73,133.98,33.13,0.293,1.39,3.02,0,1.75,136.03
12302,2026-09-07T00:36:00Z,22.481418,88.237524,45.85,2.84,107.88,166.89,0,0.056,7.92,3.94,0,0.02,158.15
13005,2026-09-08T03:43:00Z,22.425386,88.431815,73.02,10.26,61.72,56.54,11.85,0.286,1.99,1.43,0,0,59.15
13006,2026-09-09T06:50:00Z,22.444572,88.441532,65.6,13.83,20.88,19.21,16.04,0.13,6.51,2.97,0,3.17,28.8
13006,2026-09-01T09:57:00Z,22.458761,88.504128,115.38,24.31,72.31,46.93,25.56,0.365,1.98,3.35,0,1.52,60.97
12301,2026-09-02T12:04:00Z,22.70862,88.290492,103.95,9.22,121.59,81.08,9.87,0.227,6.04,4.96,0,1.68,87.99
12020,2026-09-03T15:11:00Z,22.591466,88.50925,39.13,18.94,87.87,162.01,14.5,0.206,1.52,0.34,0,0,154.39
12301,2026-09-04T18:18:00Z,22.631209,88.26896,60.42,7.0,177.39,213.63,1.91,0.444,3.32,5.8,0,0.95,208.06
12301,2026-09-05T21:25:00Z,22.428678,88.487508,34.47,4.38,104.2,216.58,7.07,0.247,2.4,4.54,1,1.79,217.31
12019,2026-09-06T00:32:00Z,22.643765,88.188681,100.64,8.65,86.36,62.46,15.78,0.315,1.31,1.81,0,1.63,63.93
13006,2026-09-07T03:39:00Z,22.427634,88.511111,60.94,7.75,98.84,120.64,2.38,0.597,7.07,3.03,0,2.46,119.39
13006,2026-09-08T06:46:00Z,22.470672,88.479026,33.13,0,104.11,203.82,0,0.164,2.17,2.97,1,2.15,214.07
12302,2026-09-09T09:53:00Z,22.582897,88.317838,105.07,17.17,48.65,33.86,18.77,0.336,4.21,2.96,0,1.68,38.41
12020,2026-09-01T12:00:00Z,22.46027,88.31119,43.47,14.48,103.29,157.39,13.98,0.082,7.16,3.45,0,0.38,154.82
13005,2026-09-02T15:07:00Z,22.572067,88.428473,84.78,5.05,125.78,81.32,8.5,0.092,1.14,1.22,0,0.8,91.71
12301,2026-09-03T18:14:00Z,22.419672,88.466596,117.52,9.32,43.35,22.25,0.7,0.216,4.09,4.62,0,0.41,28.07
12301,2026-09-04T21:21:00Z,22.495892,88.479403,58.0,9.0,92.7,90.86,15.11,0.035,2.75,0,0,3.24,97.79
13005,2026-09-05T00:28:00Z,22.417378,88.491529,65.72,10.59,166.38,172.91,16.37,0.314,3.41,4.07,0,0.21,172.09
12302,2026-09-06T03:35:00Z,22.506911,88.53681,107.14,11.27,117.59,74.88,10.66,0.021,5.21,4.12,1,1.16,90.51
13006,2026-09-07T06:42:00Z,22.498937,88.423765,54.78,3.21,161.5,211.91,4.11,0.203,1.05,8.02,0,1.19,201.53
12020,2026-09-08T09:49:00Z,22.610012,88.414212,35.75,4.94,177.94,335.78,7.45,0.537,6.36,2.96,0,2.12,324.08
13006,2026-09-09T12:56:00Z,22.729234,88.293399,42.59,3.84,7.51,11.36,14.29,0.261,6.71,1.3,0,3.18,19.56
12019,2026-09-01T15:03:00Z,22.524349,88.447684,106.09,1.32,151.79,103.6,2.27,0.087,2.28,3.17,0,0.87,100.52
12019,2026-09-02T18:10:00Z,22.452772,88.546939,67.84,0.41,159.97,145.74,0,0.363,2.36,5.66,0,2.75,151.7
12019,2026-09-03T21:17:00Z,22.666418,88.217442,66.83,20.51,103.78,113.43,16.3,0.465,2.24,4.32,0,2.4,116.23
12302,2026-09-04T00:24:00Z,22.636862,88.400675,74.06,0,138.15,104.18,0,0.323,2.4,3.06,0,1.38,117.52
12302,2026-09-05T03:31:00Z,22.640373,88.203516,50.36,4.37,158.23,190.24,9.09,0.496,4.19,5.41,0,0,201.38
12020,2026-09-06T06:38:00Z,22.489526,88.363893,62.33,18.85,36.35,43.1,16.35,0.336,5.13,4.28,0,2.45,56.95
12301,2026-09-07T09:45:00Z,22.547305,88.190392,83.45,14.76,11.49,7.75,15.57,0.245,5.91,2.44,0,1.12,17.07
13005,2026-09-08T12:52:00Z,22.573724,88.233078,54.3,12.29,110.2,115.44,10.23,0.206,2.84,1.5,0,1.05,125.27
12020,2026-09-09T15:59:00Z,22.746033,88.268409,59.75,12.72,3.48,3.97,20.64,0.643,6.06,2.47,0,1.16,19.58
12020,2026-09-01T18:06:00Z,22.734281,88.257324,34.51,15.66,146.93,308.1,11.88,0.623,7.23,5.58,0,1.25,292.94
13006,2026-09-02T21:13:00Z,22.420526,88.526987,38.37,28.67,147.25,221.99,18.28,0.128,5.54,5.5,0,2.96,242.38
12302,2026-09-03T00:20:00Z,22.554241,88.175334,39.33,0.25,164.29,267.88,0,0.354,7.16,2.81,0,0,261.31
13006,2026-09-04T03:27:00Z,22.487002,88.2883,58.28,11.56,127.71,149.52,12.28,0.308,4.66,0.63,0,3.02,151.04
13006,2026-09-05T06:34:00Z,22.577425,88.370198,87.73,20.73,29.31,23.84,16.41,0.037,4.47,3.84,0,3.36,31.42
12020,2026-09-06T09:41:00Z,22.611471,88.397626,66.29,17.05,44.59,42.81,18.78,0.11,3.89,0.37,0,1.85,48.02
12019,2026-09-07T12:48:00Z,22.630619,88.150879,110.11,1.21,102.53,63.08,2.45,0.393,6.37,1.0,0,0,64.85
12019,2026-09-08T15:55:00Z,22.725576,88.307159,104.69,11.33,173.7,99.77,3.62,0.147,6.05,2.16,0,0.46,104.65
12020,2026-09-09T18:02:00Z,22.593629,88.323124,104.21,10.14,36.73,21.54,8.6,0.59,4.2,2.35,0,0.25,35.99
13005,2026-09-01T21:09:00Z,22.495759,88.535437,73.46,10.44,92.97,92.82,13.35,0.152,3.69,4.97,0,3.4,93.8
12019,2026-09-02T00:16:00Z,22.635331,88.542534,70.76,4.87,26.61,23.57,0,0.133,7.55,1.63,0,0.46,27.74
13006,2026-09-03T03:23:00Z,22.707117,88.318955,117.77,18.91,34.47,19.14,13.77,0.462,5.97,1.46,0,2.66,28.25
12301,2026-09-04T06:30:00Z,22.658822,88.495937,77.05,6.79,7.47,5.53,3.86,0.137,3.07,2.56,0,0.82,15.68
13006,2026-09-05T09:37:00Z,22.704097,88.494178,88.24,22.08,71.83,52.69,24.32,0.187,7.76,0,1,1.16,64.78
12020,2026-09-06T12:44:00Z,22.532019,88.321403,104.7,0,164.33,107.98,0,0.258,3.06,4.37,0,3.24,112.73
13005,2026-09-07T15:51:00Z,22.582212,88.464503,53.78,20.66,31.48,42.01,26.26,0.381,1.51,3.6,0,0,48.17
12302,2026-09-08T18:58:00Z,22.555984,88.511799,67.43,11.25,98.06,81.33,14.65,0.351,4.71,7.13,0,1.14,103.01
13005,2026-09-09T21:05:00Z,22.503752,88.410611,112.67,10.82,46.16,22.46,14.51,0.52,6.39,2.79,0,0,34.81
12019,2026-09-01T00:12:00Z,22.728913,88.448756,76.25,21.96,170.83,128.86,20.28,0.272,1.73,0.06,0,0.65,138.78
12302,2026-09-02T03:19:00Z,22.536326,88.197322,32.14,0,129.89,221.46,2.8,0.13,3.85,3.08,0,0.12,240.06
12301,2026-09-03T06:26:00Z,22.565896,88.363387,87.73,0,112.45,89.56,0,0.204,3.11,5.73,0,2.52,90.77
12302,2026-09-04T09:33:00Z,22.600452,88.307633,97.21,19.0,144.03,106.44,17.03,0.195,1.08,5.5,0,1.48,108.6
13005,2026-09-05T12:40:00Z,22.697986,88.522948,115.23,17.55,56.93,34.44,14.93,0.286,2.55,3.81,0,0.35,42.75
13005,2026-09-06T15:47:00Z,22.511225,88.330258,71.51,0,100.29,84.29,2.07,0.534,5.59,4.51,0,0,92.04
13005,2026-09-07T18:54:00Z,22.671168,88.344789,89.35,0,125.74,80.5,0,0.184,2.94,0.82,0,2.95,86.32
12301,2026-09-08T21:01:00Z,22.593058,88.367388,45.82,11.36,110.37,172.66,13.1,0.351,5.07,2.55,0,0,163.18
13005,2026-09-09T00:08:00Z,22.458045,88.355655,72.49,12.87,140.21,119.31,21.35,0.486,3.78,1.0,0,1.17,129.25
12020,2026-09-01T03:15:00Z,22.58126,88.466584,44.33,0,103.25,153.44,1.95,0.747,2.62,4.18,0,1.42,163.57
12020,2026-09-02T06:22:00Z,22.692414,88.356665,72.27,18.78,83.47,63.5,18.25,0.312,2.84,2.06,0,0.95,73.3
12020,2026-09-03T09:29:00Z,22.452584,88.212943,117.54,20.9,42.45,22.58,22.79,0.878,4.08,3.83,0,0,38.27
13005,2026-09-04T12:36:00Z,22.413717,88.378908,94.56,15.99,23.94,14.9,8.59,0.441,6.83,4.35,0,1.26,29.69
12301,2026-09-05T15:43:00Z,22.568584,88.237746,44.97,21.95,166.27,239.77,11.02,0.323,7.63,6.25,0,0,240.87
12020,2026-09-06T18:50:00Z,22.576526,88.317918,84.08,16.09,143.65,121.7,22.77,0.262,5.13,3.3,0,2.67,125.21
12302,2026-09-07T21:57:00Z,22.637496,88.322599,84.5,28.93,34.4,29.7,20.63,0.56,7.31,1.83,0,4.73,43.31
12020,2026-09-08T00:04:00Z,22.700669,88.263307,63.33,12.31,10.69,10.99,21.24,0.484,6.33,3.64,0,0.56,21.88
13005,2026-09-09T03:11:00Z,22.548247,88.296258,66.78,11.04,36.46,37.61,12.65,0.492,2.08,1.42,0,1.13,49.36
12019,2026-09-01T06:18:00Z,22.48042,88.463244,119.26,0,73.35,35.84,0,0.175,5.04,3.01,0,0,43.27
12302,2026-09-02T09:25:00Z,22.529792,88.393612,39.03,6.2,92.98,167.98,8.37,0.184,4.3,0.12,0,2.2,161.48
13006,2026-09-03T12:32:00Z,22.60983,88.356325,64.59,0,177.25,183.57,0,0.261,4.07,3.92,0,3.29,183.86
12302,2026-09-04T15:39:00Z,22.721712,88.369837,85.37,12.55,122.3,88.19,4.89,0.13,3.84,0,0,3.53,93.72
13006,2026-09-05T18:46:00Z,22.70664,88.475259,104.68,17.83,164.96,96.61,16.91,0.487,1.75,5.45,0,1.75,112.06
13005,2026-09-06T21:53:00Z,22.67603,88.238153,52.51,0,81.37,95.94,0,0.203,7.03,2.97,0,1.13,104.65
13006,2026-09-07T00:00:00Z,22.6574,88.499097,50.69,8.61,58.88,86.03,8.54,0.144,2.88,5.44,0,0.46,84.47
12302,2026-09-08T03:07:00Z,22.714342,88.502395,50.63,10.04,150.78,213.13,4.67,0.512,7.71,6.78,0,0.3,210.46
13005,2026-09-09T06:14:00Z,22.741778,88.429298,108.19,17.01,89.87,62.03,14.96,0.417,4.35,1.38,0,0.75,63.91
12020,2026-09-01T09:21:00Z,22.54838,88.317637,58.41,4.29,4.49,5.24,2.62,0.386,2.89,4.18,0,0.67,15.96
12019,2026-09-02T12:28:00Z,22.40341,88.318608,62.86,0,73.9,74.62,0,0.354,4.89,4.24,0,0.42,81.6
12302,2026-09-03T15:35:00Z,22.620452,88.329942,119.6,0,153.34,83.15,0,0.217,5.83,0,1,1.87,90.6
12019,2026-09-04T18:42:00Z,22.578656,88.459898,53.38,13.38,66.77,82.2,9.11,0.234,5.04,1.47,0,0,83.96
12020,2026-09-05T21:49:00Z,22.479876,88.276751,110.07,18.66,70.45,38.41,16.77,0.204,5.0,1.99,0,2.0,48.35
12019,2026-09-06T00:56:00Z,22.538966,88.188221,93.94,23.27,110.15,73.06,17.61,0.49,1.88,4.11,0,2.34,85.5
12020,2026-09-07T03:03:00Z,22.445947,88.485407,79.36,3.12,7.67,6.02,3.32,0.178,3.17,1.88,0,0.75,14.93
12301,2026-09-08T06:10:00Z,22.552242,88.405915,33.16,17.38,66.16,146.07,13.15,0.583,7.64,1.74,0,0.71,143.3
13005,2026-09-09T09:17:00Z,22.731435,88.340827,57.87,0,64.45,72.76,1.82,0.172,3.41,0.65,0,4.58,77.82
12301,2026-09-01T12:24:00Z,22.580814,88.469984,98.93,13.65,144.24,97.01,7.62,0.192,6.0,0.48,0,0,99.66
13005,2026-09-02T15:31:00Z,22.465726,88.157758,102.68,16.69,124.18,72.54,16.29,0.418,5.46,0.04,0,0.91,84.46
12301,2026-09-03T18:38:00Z,22.662699,88.208435,117.27,8.96,6.92,4.39,11.5,0.413,6.5,1.72,0,1.21,15.0
12019,2026-09-04T21:45:00Z,22.411729,88.334334,99.81,10.81,15.64,10.01,14.22,0.715,2.74,8.45,0,0,29.09
12301,2026-09-05T00:52:00Z,22.476226,88.195171,76.9,6.39,176.83,147.0,2.46,0.515,4.65,4.0,0,3.34,159.78
13006,2026-09-06T03:59:00Z,22.574972,88.424378,69.07,0,5.67,5.8,0,0.187,5.82,1.73,0,1.35,9.84
12019,2026-09-07T06:06:00Z,22.641237,88.293267,113.78,23.38,179.46,105.88,26.02,0.63,7.87,5.33,0,0,114.9
12302,2026-09-08T09:13:00Z,22.45612,88.362455,52.56,12.46,9.99,13.08,6.63,0.314,4.28,2.35,0,0,16.63
12020,2026-09-09T12:20:00Z,22.583424,88.34902,56.61,24.26,49.61,54.08,24.29,0.627,6.43,4.73,0,3.59,69.97
13005,2026-09-01T15:27:00Z,22.40458,88.518414,43.87,7.6,53.11,75.79,6.62,0.415,5.13,4.47,1,1.64,98.31
13006,2026-09-02T18:34:00Z,22.730611,88.534235,74.23,11.12,160.49,120.39,9.44,0.394,5.96,4.28,1,0.14,146.43
12301,2026-09-03T21:41:00Z,22.645893,88.32083,39.11,13.64,43.89,69.68,16.2,0.35,6.22,6.14,0,0,79.8
12301,2026-09-04T00:48:00Z,22.724151,88.251636,45.01,6.93,34.93,48.45,9.44,0.3,4.01,2.79,0,0,56.29
12020,2026-09-05T03:55:00Z,22.641402,88.260383,70.27,26.6,73.29,72.22,33.29,0.417,2.55,3.38,0,3.96,83.69
13005,2026-09-06T06:02:00Z,22.570897,88.50961,76.01,19.21,104.01,90.31,22.32,0.22,4.99,1.61,1,0.76,100.99
13006,2026-09-07T09:09:00Z,22.704425,88.240687,81.86,20.24,163.66,132.95,17.72,0.635,3.44,7.62,0,0,145.27
13006,2026-09-08T12:16:00Z,22.601339,88.186033,106.45,7.75,167.37,105.83,6.52,0.324,5.88,5.01,0,3.04,117.16
12020,2026-09-09T15:23:00Z,22.570751,88.410899,56.08,6.97,72.8,73.7,12.63,0.182,6.42,4.02,0,2.47,89.83
12302,2026-09-01T18:30:00Z,22.459239,88.289887,80.51,10.38,179.48,144.94,14.31,0.275,3.9,2.24,0,1.93,146.0
12020,2026-09-02T21:37:00Z,22.50069,88.287309,86.09,0,80.96,69.04,0.79,0.316,2.7,6.29,0,2.9,79.0
12301,2026-09-03T00:44:00Z,22.48941,88.174044,57.46,9.57,86.4,91.68,6.12,0.341,7.95,2.36,0,0,101.9
12302,2026-09-04T03:51:00Z,22.480909,88.30228,101.03,3.19,112.38,61.31,2.83,0.166,7.05,2.45,1,2.66,78.49
13006,2026-09-05T06:58:00Z,22.482672,88.541298,38.96,3.7,58.84,109.02,3.07,0.433,3.33,2.81,0,1.74,106.88
13005,2026-09-06T09:05:00Z,22.546067,88.379159,54.83,21.23,13.98,15.14,4.31,0.407,4.65,9.43,0,2.79,30.47
12020,2026-09-07T12:12:00Z,22.450803,88.523212,117.35,3.43,164.02,85.14,2.54,0.093,3.16,1.7,0,0,94.98
12302,2026-09-08T15:19:00Z,22.712946,88.5233,58.57,9.26,101.65,128.28,12.48,0.502,3.9,5.19,0,0,129.72
12019,2026-09-09T18:26:00Z,22.564067,88.409827,43.68,38.81,36.26,47.13,41.21,0.356,2.62,4.23,0,1.3,66.52
12302,2026-09-01T21:33:00Z,22.703495,88.345977,106.69,24.44,89.99,47.98,24.89,0.159,6.3,3.11,1,5.12,68.59
12019,2026-09-02T00:40:00Z,22.559915,88.501107,108.01,12.24,160.1,93.35,5.49,0.589,5.0,1.57,0,0.72,102.18
12302,2026-09-03T03:47:00Z,22.614597,88.171819,76.68,11.15,73.02,66.12,5.52,0.488,3.13,3.1,0,0,71.23
13005,2026-09-04T06:54:00Z,22.708892,88.186072,111.33,19.93,85.05,51.62,23.1,0.085,3.75,2.14,0,1.5,60.88
12019,2026-09-05T09:01:00Z,22.532538,88.302243,92.25,0,163.57,125.4,0,0.159,3.69,1.63,0,0,118.64
12302,2026-09-06T12:08:00Z,22.617896,88.251244,112.1,21.84,103.09,62.4,29.99,0.19,6.38,0.11,0,1.9,68.67
12020,2026-09-07T15:15:00Z,22.620022,88.478049,74.79,14.95,91.26,86.59,10.41,0.204,5.21,1.35,1,2.09,93.9
12302,2026-09-08T18:22:00Z,22.608239,88.464923,34.4,29.09,29.24,57.56,31.33,0.508,1.34,2.94,0,1.67,64.8
12302,2026-09-09T21:29:00Z,22.700793,88.281683,116.97,0.14,135.63,71.39,8.48,0.155,6.9,3.38,1,0.45,86.75
12020,2026-09-01T00:36:00Z,22.748259,88.291541,77.22,22.51,126.16,109.23,27.64,0.41,7.54,5.28,0,1.09,117.51
12302,2026-09-02T03:43:00Z,22.545121,88.168197,85.29,21.16,90.86,73.84,12.08,0.39,6.58,3.61,0,1.75,84.07
12019,2026-09-03T06:50:00Z,22.46147,88.282206,80.44,12.46,115.84,78.11,16.33,0.516,1.04,3.35,0,0,92.94
12019,2026-09-04T09:57:00Z,22.582376,88.375977,113.01,8.38,87.8,49.7,11.01,0.085,4.24,2.58,0,1.66,55.1
13006,2026-09-05T12:04:00Z,22.510075,88.162651,58.4,2.93,97.85,97.82,0,0.054,5.0,0.15,0,2.49,103.77
12020,2026-09-06T15:11:00Z,22.716735,88.211631,37.81,0,158.24,258.64,2.03,0.392,2.41,2.08,0,0,261.16
12019,2026-09-07T18:18:00Z,22.608001,88.18483,113.13,10.89,132.64,76.21,8.14,0.755,4.22,4.47,1,0,98.5
12020,2026-09-08T21:25:00Z,22.495429,88.212998,110.03,3.71,21.25,13.54,3.68,0.615,3.01,4.03,0,1.52,21.67
12301,2026-09-09T00:32:00Z,22.564757,88.420198,31.37,12.5,113.26,233.92,16.97,0.188,2.71,5.24,0,2.09,235.09
12301,2026-09-01T03:39:00Z,22.427491,88.519114,64.52,11.83,18.24,17.59,8.87,0.424,3.33,0,0,1.34,20.19
12020,2026-09-02T06:46:00Z,22.721043,88.282131,81.1,8.56,19.45,16.99,6.42,0.168,7.63,5.3,0,3.7,27.88
12019,2026-09-03T09:53:00Z,22.627308,88.466972,70.8,14.82,8.36,7.55,11.51,0.146,1.72,4.37,0,1.59,14.4
13005,2026-09-04T12:00:00Z,22.634362,88.445747,71.49,10.23,107.52,88.76,13.17,0.443,4.02,6.34,0,0.96,103.36
13006,2026-09-05T15:07:00Z,22.710542,88.511302,81.68,4.21,89.13,72.5,0,0.086,4.46,2.93,0,3.53,79.55
13006,2026-09-06T18:14:00Z,22.720291,88.546116,102.89,2.06,137.0,90.39,3.27,0.522,3.1,4.92,0,0,99.59
13005,2026-09-07T21:21:00Z,22.482334,88.430889,30.73,3.84,177.6,361.13,6.74,0.522,6.75,5.29,0,3.13,365.51
12020,2026-09-08T00:28:00Z,22.626936,88.207598,86.27,3.67,128.98,93.49,5.04,0.157,3.52,1.2,0,1.81,97.75
12020,2026-09-09T03:35:00Z,22.53465,88.240296,89.21,11.08,175.57,111.88,16.98,0.511,5.36,6.79,0,0,132.7
12020,2026-09-01T06:42:00Z,22.655953,88.543432,84.41,10.98,105.3,89.54,16.86,0.333,4.98,3.06,0,0.49,91.1
12019,2026-09-02T09:49:00Z,22.672484,88.337548,71.84,4.85,16.85,17.05,9.65,0.7,6.59,5.99,0,2.5,34.46
13005,2026-09-03T12:56:00Z,22.629712,88.266701,111.54,0,104.59,57.16,11.01,0.181,3.13,3.06,0,0.06,60.83
13006,2026-09-04T15:03:00Z,22.452897,88.328661,86.19,3.85,53.77,34.77,0,0.291,1.1,3.03,0,2.12,47.54
12302,2026-09-05T18:10:00Z,22.623151,88.234343,53.51,16.08,127.04,152.37,6.6,0.402,2.08,0,0,1.32,153.76
13006,2026-09-06T21:17:00Z,22.491919,88.362177,105.76,20.74,12.62,7.1,21.44,0.323,7.46,2.7,0,0.59,15.82
12020,2026-09-07T00:24:00Z,22.518092,88.426111,31.07,0,167.12,341.18,0,0.437,3.74,4.23,0,0,339.19
12302,2026-09-08T03:31:00Z,22.607949,88.507587,58.19,6.52,4.87,4.54,11.2,0.401,2.76,4.45,1,0.82,23.54
12302,2026-09-09T06:38:00Z,22.623573,88.519078,115.54,24.36,115.94,69.11,31.11,0.068,7.77,4.72,0,0,69.55
12019,2026-09-01T09:45:00Z,22.424289,88.541769,99.24,14.84,125.52,86.03,15.32,0.744,7.97,3.44,0,1.56,95.28
12302,2026-09-02T12:52:00Z,22.452099,88.406134,84.93,20.58,34.58,26.2,27.31,0.09,1.72,4.69,0,2.06,31.57
12301,2026-09-03T15:59:00Z,22.401158,88.531662,89.81,17.1,50.16,38.37,22.5,0.344,6.91,1.9,0,1.61,44.04
12020,2026-09-04T18:06:00Z,22.594066,88.537005,40.91,5.75,97.75,178.79,9.42,0.072,6.97,0.23,0,3.63,166.34
13006,2026-09-05T21:13:00Z,22.422047,88.366221,47.19,16.53,126.17,194.71,13.31,0.079,2.35,0.94,0,0,178.17
12019,2026-09-06T00:20:00Z,22.659368,88.243194,74.97,11.78,173.8,164.7,11.59,0.192,2.48,1.39,0,0,158.06
12301,2026-09-07T03:27:00Z,22.459741,88.386417,33.32,0.97,28.06,57.04,0,0.151,1.35,3.41,0,1.65,57.71
12301,2026-09-08T06:34:00Z,22.415955,88.219379,40.28,16.21,108.31,179.98,17.51,0.186,1.85,1.73,0,0,177.58
12301,2026-09-09T09:41:00Z,22.462794,88.185656,40.87,8.48,28.0,42.97,6.37,0.185,6.44,0.34,1,1.03,55.57
13006,2026-09-01T12:48:00Z,22.430807,88.480593,83.44,12.98,53.22,43.73,7.5,0.193,2.67,4.17,0,3.25,50.94
12019,2026-09-02T15:55:00Z,22.467802,88.468645,61.31,0,3.81,3.66,4.55,0.081,2.53,3.98,0,0.55,8.52
13006,2026-09-03T18:02:00Z,22.455316,88.161626,105.94,22.15,164.33,99.97,31.7,0.137,5.32,4.24,0,0.15,110.0
13005,2026-09-04T21:09:00Z,22.531436,88.238265,40.45,14.02,161.43,275.99,10.31,0.227,3.28,1.93,0,0.97,258.1
12020,2026-09-05T00:16:00Z,22.438888,88.336214,82.66,12.89,12.62,9.64,19.6,0.181,3.51,2.5,1,2.55,25.61
12020,2026-09-06T03:23:00Z,22.748483,88.386632,45.41,6.61,63.81,102.05,0,0.558,6.99,2.09,0,2.28,101.73
12020,2026-09-07T06:30:00Z,22.411767,88.362449,55.13,10.19,132.21,166.59,14.64,0.343,5.02,8.97,1,1.33,174.66
12020,2026-09-08T09:37:00Z,22.634162,88.214721,102.87,13.14,126.31,68.83,11.06,0.523,3.51,4.12,0,1.47,84.51
12020,2026-09-09T12:44:00Z,22.494426,88.528438,107.21,0,135.27,68.78,2.41,0.531,7.02,7.95,0,2.56,93.03
13005,2026-09-01T15:51:00Z,22.670751,88.205362,81.77,12.15,39.66,33.17,8.86,0.089,3.57,1.12,0,0.66,32.48
12019,2026-09-02T18:58:00Z,22.442948,88.43393,51.48,22.22,23.1,28.74,19.77,0.539,5.76,4.03,0,1.73,39.66
13006,2026-09-03T21:05:00Z,22.451784,88.210199,104.28,11.06,162.2,98.75,6.0,0.486,7.71,6.15,1,1.57,120.05
12302,2026-09-04T00:12:00Z,22.544092,88.287117,76.86,22.26,114.03,89.24,21.07,0.155,3.04,6.36,0,2.37,106.09
13006,2026-09-05T03:19:00Z,22.499534,88.532486,100.81,5.34,89.05,60.05,0,0.216,3.6,2.39,0,1.68,62.13
13005,2026-09-06T06:26:00Z,22.412141,88.276778,113.17,28.85,128.99,68.38,27.25,0.604,1.29,3.99,0,1.91,85.2
12019,2026-09-07T09:33:00Z,22.577593,88.408898,43.31,21.78,82.37,141.65,19.3,0.037,7.49,1.93,0,3.05,135.46
12019,2026-09-08T12:40:00Z,22.55609,88.186992,72.65,22.96,54.3,55.18,22.17,0.118,7.3,4.09,0,2.66,58.01
12301,2026-09-09T15:47:00Z,22.61111,88.354622,84.73,21.11,37.54,28.82,22.78,0.103,7.7,0,0,0,35.07
12301,2026-09-01T18:54:00Z,22.501022,88.472269,111.76,15.83,66.91,34.19,12.01,0.318,7.12,6.02,0,2.47,54.54
12020,2026-09-02T21:01:00Z,22.623582,88.259332,95.57,9.16,76.31,57.13,6.89,0.229,7.53,2.27,0,1.08,60.61
12302,2026-09-03T00:08:00Z,22.491937,88.532411,80.02,14.18,128.71,112.37,16.62,0.552,6.84,3.36,0,3.01,119.41
13006,2026-09-04T03:15:00Z,22.597951,88.497338,72.53,10.12,118.72,119.08,5.07,0.627,7.96,5.66,1,1.14,127.98
13006,2026-09-05T06:22:00Z,22.734305,88.169486,91.73,0,175.44,136.14,5.81,0.041,4.23,1.51,1,0,133.77
12019,2026-09-06T09:29:00Z,22.640921,88.188333,77.67,20.89,168.73,140.76,21.22,0.113,6.79,1.18,0,0.48,145.68
13005,2026-09-07T12:36:00Z,22.696124,88.435019,61.65,6.59,28.44,26.24,15.11,0.43,4.52,5.47,0,0,37.46
13006,2026-09-08T15:43:00Z,22.410066,88.47583,98.07,0,23.17,15.04,8.2,0.152,5.18,4.32,0,0,25.98
12302,2026-09-09T18:50:00Z,22.505576,88.154109,41.58,7.58,125.88,207.2,10.79,0.054,1.23,0.77,0,0,196.67
12301,2026-09-01T21:57:00Z,22.654994,88.246729,100.41,8.38,165.86,96.32,10.98,0.156,7.64,1.88,0,2.14,109.15
13005,2026-09-02T00:04:00Z,22.743455,88.319637,36.15,0,148.07,286.83,0,0.258,4.32,2.62,0,0.29,274.51
13005,2026-09-03T03:11:00Z,22.610136,88.274803,50.48,21.85,22.97,33.99,23.57,0.11,1.28,3.12,0,2.12,41.15
12020,2026-09-04T06:18:00Z,22.643263,88.541028,50.33,0,75.09,111.43,4.31,0.899,5.7,3.66,0,2.31,118.11
13006,2026-09-05T09:25:00Z,22.49554,88.465797,113.28,16.82,176.08,86.05,21.32,0.568,6.08,3.99,0,0.75,101.3
13006,2026-09-06T12:32:00Z,22.574347,88.1607,114.89,38.17,66.03,39.08,33.61,0.355,4.43,3.99,1,4.76,61.63
12302,2026-09-07T15:39:00Z,22.520265,88.493869,64.44,0,123.22,109.39,0,0.07,2.41,1.66,0,0.03,115.45
13005,2026-09-08T18:46:00Z,22.509361,88.305632,31.59,13.67,138.22,327.3,11.95,0.327,2.24,1.43,0,0,299.74
12301,2026-09-09T21:53:00Z,22.499553,88.17457,81.2,19.11,89.83,72.61,13.65,0.627,5.14,3.96,0,0.06,78.58
13005,2026-09-01T00:00:00Z,22.506719,88.285038,34.06,9.88,151.14,272.12,8.72,0.147,5.63,2.63,0,3.37,279.59
12301,2026-09-02T03:07:00Z,22.570926,88.426346,78.46,8.04,9.62,8.31,2.72,0.303,3.22,4.34,0,0.9,18.21
12302,2026-09-03T06:14:00Z,22.54071,88.240354,60.24,2.63,91.99,107.0,8.47,0.267,6.51,4.4,0,0,116.23
13006,2026-09-04T09:21:00Z,22.63221,88.275341,116.21,19.83,130.03,74.01,16.48,0.395,1.54,2.71,0,0,79.18
12020,2026-09-05T12:28:00Z,22.615048,88.457648,66.21,10.53,113.62,109.0,7.39,0.025,2.49,5.3,0,0.62,116.2
12020,2026-09-06T15:35:00Z,22.696088,88.256774,114.12,5.26,131.61,63.73,6.96,0.141,3.87,4.69,0,3.0,75.77
12019,2026-09-07T18:42:00Z,22.490439,88.471415,88.14,5.92,48.39,36.58,7.29,0.108,4.92,0,1,2.05,48.53
13006,2026-09-08T21:49:00Z,22.710002,88.308758,79.56,14.56,117.04,80.74,13.06,0.115,1.45,0,0,2.98,88.69
13006,2026-09-09T00:56:00Z,22.658033,88.472337,105.85,4.93,44.78,27.92,4.93,0.317,4.48,5.55,0,2.29,37.41
13006,2026-09-01T03:03:00Z,22.638958,88.535326,51.23,27.42,77.85,86.65,33.42,0.275,3.62,7.82,0,0.56,107.58
12302,2026-09-02T06:10:00Z,22.526999,88.4749,62.67,35.87,129.67,147.42,37.59,0.332,5.83,3.69,0,0.12,145.43
12301,2026-09-03T09:17:00Z,22.553596,88.276874,78.14,33.5,44.84,36.32,46.2,0.75,6.3,5.25,0,1.76,55.77
13006,2026-09-04T12:24:00Z,22.610741,88.475371,66.57,20.54,9.0,9.76,9.9,0.199,7.14,4.39,0,0,15.88
13006,2026-09-05T15:31:00Z,22.627213,88.202037,59.41,9.63,126.05,148.53,7.62,0.374,1.78,2.51,0,0.62,140.92
13005,2026-09-06T18:38:00Z,22.47857,88.529244,91.72,0,143.3,94.85,1.1,0.132,2.39,1.44,0,1.69,104.3
13005,2026-09-07T21:45:00Z,22.441073,88.437433,88.24,2.93,113.91,94.3,6.21,0.488,2.82,3.74,0,0,99.57
12020,2026-09-08T00:52:00Z,22.654348,88.225745,99.6,2.87,167.31,119.89,3.01,0.115,6.23,0.89,0,2.28,116.62
12302,2026-09-09T03:59:00Z,22.489679,88.188112,66.77,28.21,28.83,25.95,27.69,0.508,5.81,6.8,0,0.57,39.21
12301,2026-09-01T06:06:00Z,22.712279,88.16645,34.69,1.68,167.8,309.04,7.09,0.35,1.04,1.44,0,1.16,305.27
12302,2026-09-02T09:13:00Z,22.661738,88.520495,53.43,5.31,92.16,126.86,7.23,0.388,1.31,2.81,0,3.17,121.65
12019,2026-09-03T12:20:00Z,22.419099,88.223257,111.25,20.81,49.59,31.84,18.13,0.226,7.65,0,0,0.04,33.91
12020,2026-09-04T15:27:00Z,22.432752,88.497269,53.42,12.38,127.96,151.3,23.82,0.055,4.45,2.08,0,1.72,154.49
12302,2026-09-05T18:34:00Z,22.499498,88.542534,105.15,0,135.74,92.01,0,0.651,2.26,5.92,0,0.66,99.52
12301,2026-09-06T21:41:00Z,22.62966,88.530358,65.48,14.99,107.49,121.44,16.49,0.087,7.69,1.36,0,5.17,120.37
12019,2026-09-07T00:48:00Z,22.669807,88.309567,115.27,11.53,179.97,114.04,9.02,0.673,6.21,2.09,0,0.61,114.85
12301,2026-09-08T03:55:00Z,22.632932,88.482821,106.71,17.41,31.84,21.0,15.59,0.423,6.64,6.95,0,0.88,33.67
13005,2026-09-09T06:02:00Z,22.649772,88.522267,47.99,8.43,81.84,106.0,15.16,0.139,5.41,4.56,0,2.19,113.68
13005,2026-09-01T09:09:00Z,22.426786,88.168038,86.66,0,95.87,66.49,0,0.495,6.89,5.65,0,1.07,80.57
12301,2026-09-02T12:16:00Z,22.653433,88.452942,75.96,6.6,76.1,63.88,0,0.193,6.5,3.11,0,0.82,68.67
12020,2026-09-03T15:23:00Z,22.460107,88.340848,86.14,1.67,49.92,43.06,3.9,0.153,1.74,1.68,0,1.95,44.61
13006,2026-09-04T18:30:00Z,22.643611,88.225288,66.46,8.72,119.42,125.11,4.52,0.463,5.73,4.14,0,0.6,128.61
12301,2026-09-05T21:37:00Z,22.565021,88.493919,48.83,27.14,117.81,163.2,20.69,0.242,2.16,4.07,0,0.07,156.48
13005,2026-09-06T00:44:00Z,22.579675,88.439846,51.84,2.99,55.19,76.03,5.83,0.137,4.47,0,0,0.05,75.04
13006,2026-09-07T03:51:00Z,22.556914,88.324492,111.46,12.33,156.57,82.7,13.24,0.466,7.22,4.01,0,0,93.13
12302,2026-09-08T06:58:00Z,22.67859,88.469902,55.92,10.79,37.02,40.53,14.29,0.332,3.05,2.11,0,0,46.1
12302,2026-09-09T09:05:00Z,22.406346,88.502362,85.97,0,52.99,42.99,0,0.339,7.96,2.44,0,1.32,49.58
12019,2026-09-01T12:12:00Z,22.713711,88.491363,90.92,0,33.92,26.88,0,0.35,4.4,6.9,0,1.1,37.41
13005,2026-09-02T15:19:00Z,22.526573,88.44134,84.39,0,21.43,13.98,8.45,0.596,4.55,3.2,0,1.95,29.07
13006,2026-09-03T18:26:00Z,22.429832,88.298975,69.74,21.71,92.54,92.08,25.93,0.149,3.91,2.78,0,0.08,92.06
12020,2026-09-04T21:33:00Z,22.410417,88.208234,62.46,19.96,120.7,110.51,20.08,0.22,4.21,0.79,0,1.59,119.27
12301,2026-09-05T00:40:00Z,22.706535,88.539064,94.59,4.66,94.57,55.45,8.97,0.544,7.46,5.7,0,2.79,79.26
12020,2026-09-06T03:47:00Z,22.628213,88.428988,66.18,7.76,123.51,122.48,5.0,0.103,4.12,5.52,0,0,123.67
13006,2026-09-07T06:54:00Z,22.409762,88.468639,66.41,18.78,37.92,34.45,19.82,0.645,2.99,6.7,0,2.25,52.94
13005,2026-09-08T09:01:00Z,22.600352,88.152085,53.28,4.1,150.3,170.33,0,0.57,1.87,5.39,0,2.73,183.04
12019,2026-09-09T12:08:00Z,22.486672,88.281139,118.47,0,145.55,91.87,0,0.369,2.99,4.16,0,0,89.81
13005,2026-09-01T15:15:00Z,22.595639,88.46153,47.33,0,140.8,189.03,3.19,0.313,2.5,4.93,1,0.52,198.56
12019,2026-09-02T18:22:00Z,22.559401,88.163043,82.59,0.91,115.65,104.93,0,0.624,4.39,0,0,2.23,99.21
12302,2026-09-03T21:29:00Z,22.676921,88.206856,114.97,7.2,68.37,44.0,3.08,0.345,3.6,2.16,0,0.63,49.66
13005,2026-09-04T00:36:00Z,22.446483,88.205409,67.96,8.67,168.82,150.06,11.78,0.64,3.17,2.82,0,1.6,164.93
13006,2026-09-05T03:43:00Z,22.657569,88.408367,71.48,0,82.64,73.33,2.96,0.561,3.77,2.92,0,4.24,83.85
12302,2026-09-06T06:50:00Z,22.442099,88.524473,93.65,6.61,104.24,78.72,0.42,0.217,5.04,5.33,0,1.84,77.54
12302,2026-09-07T09:57:00Z,22.463178,88.159623,116.61,13.22,51.67,25.84,17.81,0.364,5.12,0.1,0,2.45,34.94
13005,2026-09-08T12:04:00Z,22.536479,88.278017,58.56,14.92,48.52,46.73,16.7,0.3,3.85,4.54,0,3.01,62.75
12020,2026-09-09T15:11:00Z,22.593592,88.176183,110.37,10.59,48.65,32.52,11.91,0.286,4.53,2.76,0,1.04,40.57
12301,2026-09-01T18:18:00Z,22.530657,88.544123,66.67,6.91,44.37,48.32,19.68,0.412,3.13,2.95,0,1.55,57.36
12302,2026-09-02T21:25:00Z,22.693821,88.302061,78.38,35.11,78.0,72.79,34.9,0.393,1.0,3.6,0,0,77.94
12019,2026-09-03T00:32:00Z,22.68072,88.503573,105.82,8.84,40.66,27.53,11.75,0.565,6.81,3.11,0,0,37.67
12019,2026-09-04T03:39:00Z,22.706852,88.410507,87.17,21.5,176.4,139.36,20.44,0.37,5.88,6.39,0,0.72,144.86
13005,2026-09-05T06:46:00Z,22.477532,88.157913,32.79,5.62,150.28,312.17,1.5,0.593,6.38,4.29,0,1.02,307.24
12019,2026-09-06T09:53:00Z,22.497072,88.35013,91.25,5.77,128.53,81.73,8.61,0.052,1.05,0,0,0.73,84.88
12302,2026-09-07T12:00:00Z,22.747183,88.427194,79.66,4.68,119.79,99.07,0,0.228,4.99,3.25,0,3.01,105.33
13005,2026-09-08T15:07:00Z,22.415213,88.438488,85.3,24.06,123.48,105.02,29.34,0.286,1.85,3.17,0,0,105.12
12301,2026-09-09T18:14:00Z,22.619098,88.18869,55.01,16.58,77.35,89.18,16.68,0.33,7.85,2.62,0,1.47,98.98
12020,2026-09-01T21:21:00Z,22.433485,88.328582,68.88,17.41,7.25,7.45,26.21,0.129,2.66,0.99,1,0,19.34
12301,2026-09-02T00:28:00Z,22.663187,88.243245,37.7,2.49,13.74,19.94,11.43,0.128,1.46,1.39,0,0,24.59
13005,2026-09-03T03:35:00Z,22.404301,88.43532,100.87,13.04,113.45,71.44,7.89,0.344,1.18,3.85,0,0.59,77.76
13005,2026-09-04T06:42:00Z,22.508916,88.504089,101.05,5.0,37.27,24.36,2.07,0.312,6.58,4.85,0,1.68,38.73
12302,2026-09-05T09:49:00Z,22.47013,88.5134,43.27,5.81,57.64,81.53,5.37,0.638,6.85,4.74,0,0.33,95.22
12301,2026-09-06T12:56:00Z,22.480596,88.399568,60.74,23.45,121.21,136.88,22.68,0.274,4.18,3.24,0,0.77,139.74
12302,2026-09-07T15:03:00Z,22.525968,88.540124,73.27,10.17,139.0,134.9,11.87,0.331,2.0,1.5,0,0,125.99
12302,2026-09-08T18:10:00Z,22.72764,88.272029,47.8,8.23,33.82,51.36,3.76,0.706,7.37,7.81,0,1.5,65.4
12302,2026-09-09T21:17:00Z,22.643024,88.277181,63.27,5.28,68.91,62.73,0,0.322,7.18,2.69,0,1.88,76.62
12020,2026-09-01T00:24:00Z,22.428493,88.338267,117.93,5.17,46.29,21.58,3.01,0.416,6.57,6.39,0,0,36.5
13006,2026-09-02T03:31:00Z,22.603415,88.405242,85.34,5.5,32.64,23.77,11.66,0.398,4.68,1.35,0,2.83,33.27
13005,2026-09-03T06:38:00Z,22.480562,88.166457,88.48,3.02,39.67,32.64,4.1,0.225,6.9,2.87,0,1.83,37.81
13005,2026-09-04T09:45:00Z,22.579477,88.407462,85.9,21.61,78.42,58.26,14.02,0.363,5.52,5.41,0,3.71,74.53
12019,2026-09-05T12:52:00Z,22.658937,88.514953,113.39,16.49,20.42,9.99,17.29,0.233,5.78,2.45,0,3.52,26.44
12301,2026-09-06T15:59:00Z,22.653168,88.23395,99.31,9.83,52.89,32.63,21.9,0.865,7.92,5.37,0,1.92,51.46
12302,2026-09-07T18:06:00Z,22.444921,88.527342,76.42,8.09,142.12,130.0,2.61,0.653,5.89,5.16,0,2.79,133.81
12301,2026-09-08T21:13:00Z,22.742035,88.547703,74.98,19.3,119.62,98.03,20.11,0.412,5.11,5.73,0,2.0,112.58
13005,2026-09-09T00:20:00Z,22.593517,88.162824,86.69,28.77,109.73,84.51,18.39,0.178,1.76,0.73,0,0.5,86.44
13006,2026-09-01T03:27:00Z,22.536887,88.545838,84.3,12.6,7.75,5.35,16.79,0.181,3.58,1.68,1,0,24.7
12302,2026-09-02T06:34:00Z,22.496404,88.152977,78.28,29.25,87.65,62.08,26.46,0.156,4.32,0,0,0,66.9
12302,2026-09-03T09:41:00Z,22.694924,88.466939,70.12,9.76,148.95,141.7,9.85,0.383,1.64,5.32,0,2.41,145.89
12020,2026-09-04T12:48:00Z,22.720704,88.429218,85.17,10.12,146.37,99.12,20.85,0.447,7.62,4.05,0,4.23,117.02
13006,2026-09-05T15:55:00Z,22.409351,88.405547,111.2,4.01,163.85,92.29,4.2,0.267,3.87,2.05,0,1.32,98.4
13006,2026-09-06T18:02:00Z,22.406323,88.190206,97.48,16.2,70.46,50.36,12.24,0.716,2.7,5.91,0,0.95,63.51
12019,2026-09-07T21:09:00Z,22.622177,88.35915,41.17,4.87,134.24,187.59,4.51,0.336,7.25,3.08,0,0.76,201.84
13006,2026-09-08T00:16:00Z,22.467253,88.41758,94.48,8.82,161.77,106.51,10.36,0.014,3.62,2.12,0,1.86,112.96
12302,2026-09-09T03:23:00Z,22.549758,88.242963,116.29,9.39,20.1,12.37,5.27,0.046,5.39,0,0,2.58,15.28
12301,2026-09-01T06:30:00Z,22.435635,88.364473,62.09,5.99,33.73,33.92,10.53,0.206,3.58,4.1,0,1.63,37.34
13005,2026-09-02T09:37:00Z,22.568746,88.284042,45.43,0,172.75,253.23,7.67,0.361,5.45,3.08,0,0,252.85
13005,2026-09-03T12:44:00Z,22.531512,88.406816,112.09,9.39,82.46,47.62,3.48,0.103,4.0,2.44,0,1.81,50.72
12302,2026-09-04T15:51:00Z,22.696427,88.282508,113.11,10.05,108.86,71.09,9.75,0.157,7.84,0.85,0,1.12,70.95
12302,2026-09-05T18:58:00Z,22.747204,88.52531,48.52,27.93,12.57,18.98,27.28,0.281,2.28,2.62,0,0.8,27.95
12302,2026-09-06T21:05:00Z,22.556895,88.404242,38.26,9.06,107.9,201.52,12.4,0.14,2.71,1.95,0,1.21,192.52
12019,2026-09-07T00:12:00Z,22.71726,88.270093,107.62,3.81,88.17,60.6,7.57,0.283,2.09,5.33,0,0.71,63.67
13005,2026-09-08T03:19:00Z,22.575245,88.440138,43.75,11.84,131.62,178.7,6.48,0.495,4.28,4.48,0,1.29,192.62
12020,2026-09-09T06:26:00Z,22.669945,88.450631,66.41,9.52,76.6,71.85,4.6,0.453,7.95,7.1,0,3.65,88.72
12019,2026-09-01T09:33:00Z,22.489001,88.39086,75.86,0,89.49,80.75,0,0.469,5.52,1.14,0,0,83.52
13006,2026-09-02T12:40:00Z,22.507793,88.314644,105.74,0,5.18,3.44,0,0.406,6.81,3.59,0,2.47,13.65
13006,2026-09-03T15:47:00Z,22.67081,88.317136,108.25,1.76,22.34,13.63,4.46,0.157,1.04,0,0,0.52,15.89
12020,2026-09-04T18:54:00Z,22.703927,88.21645,88.91,0,132.75,85.98,5.53,0.388,6.31,3.3,0,4.43,99.37
12019,2026-09-05T21:01:00Z,22.570074,88.452765,37.71,0,25.07,36.79,3.59,0.443,3.63,4.04,0,2.35,50.19
13005,2026-09-06T00:08:00Z,22.610668,88.497602,68.65,28.43,68.63,72.67,28.39,0.32,1.7,0.29,0,1.82,75.88
12019,2026-09-07T03:15:00Z,22.481746,88.343814,115.6,6.46,136.0,69.67,0,0.479,7.11,4.82,0,1.0,78.82
13006,2026-09-08T06:22:00Z,22.635572,88.369499,85.13,31.01,17.4,12.88,26.18,0.372,5.0,4.96,0,0,26.23
12020,2026-09-09T09:29:00Z,22.715927,88.456524,45.12,1.9,81.99,102.53,0,0.154,4.04,1.35,0,3.04,117.91
12302,2026-09-01T12:36:00Z,22.65376,88.411568,94.73,2.92,120.87,94.4,0,0.39,5.03,4.21,0,0.95,98.38
13005,2026-09-02T15:43:00Z,22.533068,88.444767,116.96,1.18,80.34,40.46,0.95,0.116,7.59,4.12,0,2.11,51.82
12019,2026-09-03T18:50:00Z,22.730011,88.484887,35.57,18.71,97.8,197.39,18.15,0.178,5.21,3.06,0,2.68,189.21
12020,2026-09-04T21:57:00Z,22.502023,88.536598,91.2,11.37,29.09,19.13,11.19,0.193,6.93,0,0,0.49,23.36
12301,2026-09-05T00:04:00Z,22.746872,88.369177,118.3,13.98,61.97,37.39,21.85,0.775,2.25,3.11,0,1.32,46.86
12019,2026-09-06T03:11:00Z,22.727101,88.27163,68.02,0,86.8,78.24,0,0.45,3.26,4.29,0,1.53,87.83
13006,2026-09-07T06:18:00Z,22.724095,88.188419,44.73,8.57,27.35,41.95,11.28,0.142,5.75,3.7,0,1.14,43.79
12020,2026-09-08T09:25:00Z,22.642128,88.46813,46.17,18.49,12.29,19.85,14.55,0.381,5.82,1.35,0,0.37,24.46
13006,2026-09-09T12:32:00Z,22.642804,88.187821,38.07,0,85.07,159.08,4.77,0.486,5.49,5.14,0,0.62,160.75
13005,2026-09-01T15:39:00Z,22.604653,88.4355,46.3,9.09,88.7,129.39,3.14,0.482,4.75,4.98,0,0,133.03
13006,2026-09-02T18:46:00Z,22.412252,88.541971,41.17,15.05,136.28,245.89,13.16,0.367,1.86,4.41,0,1.94,227.44
13005,2026-09-03T21:53:00Z,22.509528,88.514313,56.87,2.53,174.03,176.27,9.78,0.082,3.05,1.91,0,2.31,189.52
12019,2026-09-04T00:00:00Z,22.627419,88.215328,84.56,8.42,93.37,75.59,7.13,0.133,5.14,1.98,0,3.59,77.65
12020,2026-09-05T03:07:00Z,22.453722,88.54698,37.49,7.61,47.99,80.55,5.49,0.162,5.6,0.32,0,0,80.89
12020,2026-09-06T06:14:00Z,22.74282,88.23889,64.1,8.45,173.63,160.34,14.55,0.505,7.36,4.22,0,0.37,174.6
12301,2026-09-07T09:21:00Z,22.463235,88.472434,100.45,14.49,24.86,16.1,19.22,0.332,1.69,1.45,1,0.16,34.87
13006,2026-09-08T12:28:00Z,22.613046,88.432715,117.12,16.67,97.11,55.13,12.06,0.517,6.15,7.11,0,1.99,68.92
12302,2026-09-09T15:35:00Z,22.426843,88.246015,69.51,2.7,65.66,60.31,0,0.298,3.14,8.0,0,2.4,69.55
12301,2026-09-01T18:42:00Z,22.541915,88.396515,44.86,0,13.16,20.42,0,0.632,6.12,2.14,0,1.43,33.25
13006,2026-09-02T21:49:00Z,22.71633,88.219926,30.66,0,78.22,166.42,0,0.355,4.14,8.73,0,3.51,174.1
12019,2026-09-03T00:56:00Z,22.476112,88.271928,105.55,1.37,93.92,65.85,3.64,0.259,1.83,2.53,0,2.39,67.16
13006,2026-09-04T03:03:00Z,22.469141,88.361639,76.4,0,161.13,155.33,7.58,0.504,6.06,1.59,0,2.79,151.49
12302,2026-09-05T06:10:00Z,22.661482,88.152324,66.96,10.92,164.62,133.11,7.16,0.366,4.75,2.73,0,5.69,153.87
13006,2026-09-06T09:17:00Z,22.513711,88.455757,47.86,12.04,36.55,41.89,5.53,0.147,3.95,4.62,0,1.93,49.96
12020,2026-09-07T12:24:00Z,22.570075,88.45436,75.17,6.31,166.47,158.8,7.86,0.107,5.75,0,0,4.64,150.74
12302,2026-09-08T15:31:00Z,22.613885,88.225468,85.59,13.32,132.08,89.39,12.83,0.175,4.32,3.67,0,3.14,104.78
13005,2026-09-09T18:38:00Z,22.438519,88.29543,86.6,3.49,29.32,19.14,5.82,0.174,7.86,3.07,1,2.76,37.28
12019,2026-09-01T21:45:00Z,22.516999,88.194611,94.04,11.44,46.71,36.16,11.51,0.509,5.25,4.1,0,1.18,48.63
13006,2026-09-02T00:52:00Z,22.442124,88.384625,31.23,1.97,100.66,232.41,9.14,0.256,5.55,3.51,0,2.63,224.96
13006,2026-09-03T03:59:00Z,22.649061,88.506635,103.57,22.04,37.15,22.73,31.75,0.408,4.73,6.4,0,2.28,41.69
13005,2026-09-04T06:06:00Z,22.65925,88.308998,117.76,5.52,161.4,86.92,0,0.316,5.88,3.69,0,1.53,95.25
13006,2026-09-05T09:13:00Z,22.72502,88.355118,77.92,0,93.89,66.96,0,0.329,1.03,4.23,0,1.03,78.52
13005,2026-09-06T12:20:00Z,22.624845,88.249603,93.7,12.91,95.94,61.81,20.62,0.64,1.27,7.04,0,3.7,80.97
12302,2026-09-07T15:27:00Z,22.685573,88.479573,78.11,27.54,3.25,3,23.75,0.104,3.86,1.24,0,0.97,10.55
12302,2026-09-08T18:34:00Z,22.554765,88.279705,95.74,24.56,52.51,32.56,25.28,0.566,5.82,5.72,0,0.81,48.09
12302,2026-09-09T21:41:00Z,22.626647,88.158419,82.35,5.86,145.97,123.74,7.89,0.608,7.04,5.64,0,0,128.84
12302,2026-09-01T00:48:00Z,22.438512,88.155421,109.67,12.12,147.7,92.16,14.69,0.252,6.07,5.17,1,3.1,109.98
13006,2026-09-02T03:55:00Z,22.448731,88.453869,114.12,15.77,26.4,16.23,14.46,0.786,4.8,9.84,0,1.58,36.31
12020,2026-09-03T06:02:00Z,22.523658,88.264738,103.39,10.49,57.41,35.57,16.74,0.207,7.21,2.74,0,1.24,44.55
13006,2026-09-04T09:09:00Z,22.462324,88.362192,64.63,19.76,159.51,175.92,22.08,0.111,7.46,3.24,0,2.82,170.22
13005,2026-09-05T12:16:00Z,22.742317,88.461114,46.32,4.61,78.27,122.93,0,0.301,3.58,2.78,0,4.45,123.41
12302,2026-09-06T15:23:00Z,22.642697,88.315578,58.82,0,72.14,84.8,1.26,0.208,2.27,0.61,0,0.54,84.95
13006,2026-09-07T18:30:00Z,22.646083,88.244077,60.01,10.27,144.98,163.63,15.47,0.321,3.69,1.46,0,0.44,159.79
12301,2026-09-08T21:37:00Z,22.593025,88.522537,48.3,0,153.56,195.89,0,0.157,6.45,2.8,0,0,200.23
12020,2026-09-09T00:44:00Z,22.410565,88.296098,51.82,26.58,149.52,159.19,36.32,0.763,3.6,4.17,1,0,194.54
12301,2026-09-01T03:51:00Z,22.404623,88.194507,52.05,0,5.21,7.15,0,0.309,4.29,4.94,0,0,16.87
12301,2026-09-02T06:58:00Z,22.740593,88.3586,109.3,8.52,8.69,5.54,8.51,0.376,6.81,5.57,0,0.34,16.21
12302,2026-09-03T09:05:00Z,22.548478,88.257968,96.88,12.69,73.87,42.07,5.45,0.11,3.84,4.77,0,2.56,54.95
12301,2026-09-04T12:12:00Z,22.597679,88.375496,37.0,18.02,109.76,212.92,18.73,0.322,3.16,0.58,1,0.52,208.24
12020,2026-09-05T15:19:00Z,22.54255,88.446581,34.11,37.22,58.68,126.98,41.91,0.333,6.08,3.43,0,1.0,127.14
12301,2026-09-06T18:26:00Z,22.747696,88.350648,75.2,13.25,140.19,101.6,7.79,0.328,7.67,3.47,0,2.24,121.61
13006,2026-09-07T21:33:00Z,22.598415,88.547762,84.79,22.32,95.62,79.11,19.82,0.175,2.67,3.04,0,0,76.74
12301,2026-09-08T00:40:00Z,22.70683,88.410117,102.43,0,28.24,19.93,0,0.162,1.62,4.13,0,3.53,25.85
12302,2026-09-09T03:47:00Z,22.544618,88.330037,114.58,11.29,174.99,98.12,8.6,0.233,4.59,4.18,0,0.96,105.15
13006,2026-09-01T06:54:00Z,22.563971,88.364046,33.84,13.91,176.01,287.09,6.41,0.564,4.99,5.12,0,0.35,312.82
12020,2026-09-02T09:01:00Z,22.559103,88.368032,39.82,1.91,34.91,49.33,6.77,0.541,5.23,3.66,0,1.16,62.24
12020,2026-09-03T12:08:00Z,22.461637,88.206695,43.1,27.2,40.78,62.4,26.54,0.06,2.49,2.34,0,1.51,65.88
12019,2026-09-04T15:15:00Z,22.456241,88.428676,66.46,13.55,55.81,57.91,17.76,0.33,3.44,1.56,0,0,62.21
12019,2026-09-05T18:22:00Z,22.713775,88.523528,112.13,0,103.95,66.08,0,0.165,5.65,4.11,0,0,67.46
12020,2026-09-06T21:29:00Z,22.59113,88.21644,107.79,8.32,23.11,15.94,3.27,0.021,1.68,3.43,0,2.75,21.11
12020,2026-09-07T00:36:00Z,22.689865,88.32034,49.45,0,40.13,47.08,0,0.336,6.73,5.01,0,2.45,58.46
12019,2026-09-08T03:43:00Z,22.699949,88.548145,40.2,14.79,34.12,53.46,17.77,0.225,4.06,5.31,0,0,58.87
12301,2026-09-09T06:50:00Z,22.440075,88.492537,38.07,23.24,5.91,11.42,28.29,0.353,6.64,1.48,0,0,20.85
12301,2026-09-01T09:57:00Z,22.635655,88.151663,61.56,0,143.49,148.59,6.03,0.51,5.61,2.47,0,3.89,154.24
12020,2026-09-02T12:04:00Z,22.726179,88.321641,32.94,16.53,7.65,16.39,11.44,0.625,4.01,2.63,0,0.69,26.34
13006,2026-09-03T15:11:00Z,22.693068,88.213621,65.14,12.02,131.88,126.47,10.8,0.341,5.04,4.43,0,1.46,130.03
12019,2026-09-04T18:18:00Z,22.503923,88.364167,48.34,0.75,19.51,25.5,0,0.072,1.91,0,0,1.81,28.14
12302,2026-09-05T21:25:00Z,22.449642,88.254798,95.37,31.32,145.86,94.73,31.21,0.339,7.07,4.01,0,1.89,107.34
12302,2026-09-06T00:32:00Z,22.462932,88.154056,38.35,15.25,90.48,145.31,11.01,0.561,1.53,3.5,0,0,157.87
12302,2026-09-07T03:39:00Z,22.666336,88.236523,89.37,0.09,114.72,92.36,3.49,0.251,1.85,4.24,0,0,90.88
12019,2026-09-08T06:46:00Z,22.460536,88.424823,40.33,13.05,41.4,62.49,20.97,0.378,3.06,3.44,0,0,71.17
13006,2026-09-09T09:53:00Z,22.612553,88.321725,55.3,13.85,72.53,86.9,14.3,0.526,3.97,2.39,0,2.04,91.59
13005,2026-09-01T12:00:00Z,22.485861,88.236074,61.76,0,161.93,186.69,3.28,0.162,4.71,1.85,0,1.64,175.76
12019,2026-09-02T15:07:00Z,22.436022,88.261219,63.48,12.75,140.97,125.63,12.44,0.166,4.93,2.93,0,0,135.31
13005,2026-09-03T18:14:00Z,22.482748,88.158507,115.16,0,145.91,86.28,0,0.703,1.33,4.66,0,1.95,91.92
12301,2026-09-04T21:21:00Z,22.496136,88.451477,87.93,2.04,154.53,131.36,5.52,0.853,1.49,4.55,0,1.98,129.41
12020,2026-09-05T00:28:00Z,22.653489,88.240537,37.18,18.05,140.11,242.57,19.28,0.27,1.72,3.69,0,3.97,251.58
12301,2026-09-06T03:35:00Z,22.494469,88.218135,47.2,9.19,162.7,212.83,21.57,0.375,1.53,0.04,0,0,213.3
12302,2026-09-07T06:42:00Z,22.568947,88.18672,82.51,17.92,24.22,17.82,23.23,0.524,4.65,4.23,0,2.91,33.22
12019,2026-09-08T09:49:00Z,22.570676,88.28618,94.02,26.9,65.48,49.83,27.24,0.783,2.49,8.02,0,0,65.63
13005,2026-09-09T12:56:00Z,22.424024,88.319238,98.54,24.75,93.97,57.77,22.06,0.619,7.42,2.82,0,2.28,74.0
13006,2026-09-01T15:03:00Z,22.551016,88.210248,57.64,19.67,156.96,184.12,25.82,0.779,4.17,8.38,0,1.76,194.32
13005,2026-09-02T18:10:00Z,22.48713,88.194433,68.78,7.83,62.07,57.1,8.99,0.394,2.24,3.13,0,3.22,68.03
12301,2026-09-03T21:17:00Z,22.471997,88.464291,34.78,12.03,9.32,15.96,14.14,0.148,1.71,2.96,0,2.06,23.29
12019,2026-09-04T00:24:00Z,22.549773,88.158331,87.32,16.4,127.94,87.98,16.46,0.404,5.77,4.51,0,2.37,105.87
12019,2026-09-05T03:31:00Z,22.479901,88.351259,109.31,6.52,33.22,21.26,11.17,0.185,1.32,2.85,1,0.67,32.76
12302,2026-09-06T06:38:00Z,22.702795,88.487479,99.77,4.04,20.7,14.7,9.03,0.213,4.21,3.65,0,0.08,17.79
12020,2026-09-07T09:45:00Z,22.660528,88.227537,40.15,8.35,124.38,214.67,22.1,0.735,2.71,5.66,0,2.6,217.38
12020,2026-09-08T12:52:00Z,22.414385,88.358031,87.49,0.73,173.89,143.94,0,0.299,5.75,4.72,0,0.23,141.89
12019,2026-09-09T15:59:00Z,22.595349,88.215043,105.08,9.67,24.76,16.66,1.57,0.679,2.03,3.27,0,0,25.73
12020,2026-09-01T18:06:00Z,22.632864,88.457554,55.94,17.89,144.56,140.39,18.93,0.459,5.62,5.36,0,1.2,162.25
12302,2026-09-02T21:13:00Z,22.722068,88.388816,115.83,29.36,129.24,63.59,28.8,0.096,3.7,0.27,0,3.81,71.87
12302,2026-09-03T00:20:00Z,22.552912,88.205444,80.75,0,123.17,92.69,0,0.171,1.6,0.11,0,0.34,90.98
12020,2026-09-04T03:27:00Z,22.717397,88.464653,92.47,24.36,92.18,68.17,21.43,0.329,1.18,4.78,0,1.9,77.13
13005,2026-09-05T06:34:00Z,22.627458,88.283393,76.1,2.36,25.53,21.94,0.7,0.527,6.65,5.68,1,0.02,46.08
12301,2026-09-06T09:41:00Z,22.713268,88.405867,103.97,16.34,103.08,67.92,18.02,0.3,4.61,2.43,0,2.0,73.75
12302,2026-09-07T12:48:00Z,22.541595,88.543079,57.08,21.51,58.03,76.01,21.74,0.625,2.43,0.77,0,1.67,80.86
12302,2026-09-08T15:55:00Z,22.591338,88.340463,105.75,11.75,99.77,67.22,7.6,0.348,6.73,0,0,2.38,73.45
12019,2026-09-09T18:02:00Z,22.627648,88.412877,56.05,4.61,20.7,24.51,7.58,0.288,2.04,2.94,0,1.94,31.82
12020,2026-09-01T21:09:00Z,22.421968,88.412368,33.84,8.72,163.55,358.73,0.87,0.264,4.52,3.7,0,0.79,326.91
12019,2026-09-02T00:16:00Z,22.490729,88.429107,89.03,13.47,102.68,73.4,11.33,0.361,7.74,2.45,0,0.62,77.4
13005,2026-09-03T03:23:00Z,22.460899,88.506989,115.97,9.36,64.61,37.31,8.11,0.082,6.66,2.67,0,1.47,48.12
12020,2026-09-04T06:30:00Z,22.468501,88.346441,113.01,26.19,13.96,7.32,28.13,0.263,2.22,4.75,0,2.23,18.84
13006,2026-09-05T09:37:00Z,22.54281,88.368632,55.75,0.31,38.61,39.76,3.86,0.152,2.42,0,0,2.31,44.18
12301,2026-09-06T12:44:00Z,22.705892,88.377661,60.66,8.33,123.78,151.22,2.26,0.107,3.5,5.59,0,0,139.94
12302,2026-09-07T15:51:00Z,22.73884,88.179911,100.41,15.25,55.79,31.38,16.08,0.105,2.76,5.11,0,3.97,47.3
13005,2026-09-08T18:58:00Z,22.420787,88.231693,51.73,4.71,94.64,122.29,11.13,0.329,7.89,3.02,0,0.88,127.52
13006,2026-09-09T21:05:00Z,22.658751,88.521745,59.66,29.92,137.05,168.05,35.31,0.49,6.65,4.85,0,2.61,170.79
13005,2026-09-01T00:12:00Z,22.612849,88.301755,73.09,19.3,25.92,24.53,22.86,0.202,7.14,3.45,1,4.64,45.71
13006,2026-09-02T03:19:00Z,22.552784,88.173169,96.41,3.52,100.79,57.6,4.28,0.459,7.28,0.77,0,0.54,69.86
12302,2026-09-03T06:26:00Z,22.610846,88.50617,38.28,10.29,4.78,7.82,1.21,0.243,2.75,3.61,0,1.38,15.45
12019,2026-09-04T09:33:00Z,22.70414,88.247682,41.67,18.5,73.41,119.45,17.4,0.267,4.1,2.4,0,0,122.42
12019,2026-09-05T12:40:00Z,22.482287,88.326111,58.7,4.13,98.83,94.61,8.35,0.06,3.13,1.27,0,0.95,102.91
12020,2026-09-06T15:47:00Z,22.478557,88.301731,115.77,7.37,6.77,4.18,6.53,0.465,3.69,6.5,1,0,26.49
13006,2026-09-07T18:54:00Z,22.551927,88.32102,68.8,1.07,12.25,10.76,0,0.027,7.35,3.1,0,0,13.38
13006,2026-09-08T21:01:00Z,22.717699,88.26228,113.57,25.81,136.17,85.08,14.16,0.21,7.72,1.22,0,2.31,87.02
13006,2026-09-09T00:08:00Z,22.492581,88.221514,115.59,1.25,18.14,9.3,0.05,0.326,6.48,4.32,0,0,16.57
12020,2026-09-01T03:15:00Z,22.490302,88.464694,31.55,6.33,4.57,7.93,1.83,0.336,7.28,5.55,0,2.75,21.27
12019,2026-09-02T06:22:00Z,22.490669,88.252978,108.21,18.37,25.52,15.86,23.9,0.235,7.02,2.43,0,0.99,28.98
13006,2026-09-03T09:29:00Z,22.424988,88.32059,106.04,15.9,153.35,94.5,19.42,0.245,2.43,3.38,0,2.28,97.97
12019,2026-09-04T12:36:00Z,22.673306,88.353273,42.88,4.79,60.8,100.04,9.2,0.573,7.51,4.68,0,1.02,107.29
13005,2026-09-05T15:43:00Z,22.620614,88.443581,94.16,0,169.37,111.45,0,0.127,7.71,1.06,0,0,110.27
13005,2026-09-06T18:50:00Z,22.661866,88.196167,95.97,20.72,153.02,103.77,22.52,0.436,3.05,3.8,0,2.32,111.47
12302,2026-09-07T21:57:00Z,22.724001,88.247978,70.05,18.41,172.5,154.17,24.04,0.108,6.5,3.66,0,3.27,156.68
12020,2026-09-08T00:04:00Z,22.546519,88.456204,90.67,12.6,120.86,88.93,8.22,0.134,4.46,3.51,0,0.52,90.05
13006,2026-09-09T03:11:00Z,22.594929,88.434793,113.71,11.72,134.49,67.0,16.91,0.618,7.43,4.92,0,0.27,86.45
12301,2026-09-01T06:18:00Z,22.606345,88.478042,60.31,6.3,148.97,150.84,4.79,0.461,6.18,0.75,0,2.19,158.65
13005,2026-09-02T09:25:00Z,22.597446,88.508921,37.54,0,161.52,285.97,0,0.271,7.61,5.2,0,0.8,283.46
13005,2026-09-03T12:32:00Z,22.459262,88.525682,75.74,0,167.26,132.48,5.6,0.561,3.2,3.55,0,1.94,143.29
12019,2026-09-04T15:39:00Z,22.409022,88.231256,118.99,10.6,136.36,84.13,9.21,0.09,4.78,1.41,0,4.03,84.52
13005,2026-09-05T18:46:00Z,22.681274,88.447711,68.39,0,81.73,67.71,3.2,0.644,4.45,5.51,0,1.62,81.77
12302,2026-09-06T21:53:00Z,22.511135,88.486572,95.46,0,60.9,41.24,0,0.27,7.47,5.86,0,3.63,51.84
